{
  "skillWeight": [
    0.5,
    0.25,
    0,
    0.800000011920929,
    0.6000000238418579,
    0.5,
    0.6000000238418579,
    0.5,
    0.800000011920929,
    1,
    0.6000000238418579,
    0.5,
    0.5,
    0.6000000238418579,
    0,
    0.5,
    0.25,
    0.6000000238418579
  ],
  "skillNames": [
    "Athletics",
    "Burglary",
    "Contacts",
    "Engineering",
    "Deceive",
    "Pilot",
    "Empathy",
    "Fight",
    "Investigate",
    "Science",
    "Notice",
    "Physique",
    "Provoke",
    "Rapport",
    "Resources",
    "Shoot",
    "Stealth",
    "Will"
  ],
  "numSkills": 18
}